{"epoch": 200, "train_time": 1120.286698102951, "eval_time": 3.124842882156372, "train_loss": 0.0800306499004364, "eval_loss": 0.1600021868944168, "_timestamp": 1699014346.3809495, "_runtime": 2594.0249633789062, "_step": 1}