{"epoch": 92, "train_time": 11.198713541030884, "eval_time": 2.5164074897766113, "train_loss": 0.7695196866989136, "eval_loss": 1.2057723999023438, "_timestamp": 1699015038.8193297, "_runtime": 3286.4674468040466, "_step": 91}