{"epoch": 3, "train_time": 8.598272800445557, "eval_time": 2.0676543712615967, "train_loss": 0.5489317178726196, "eval_loss": 0.9033753871917725, "_timestamp": 1699011644.508811, "_runtime": 73.5686469078064, "_step": 2, "_wandb": {"runtime": 77}}