{"epoch": 3000, "train_time": 15.445271492004395, "eval_time": 2.462463855743408, "train_loss": 0.13997963070869446, "eval_loss": 0.11086881905794144, "_timestamp": 1700272461.5830789, "_runtime": 104352.0646648407, "_step": 2999, "_wandb": {"runtime": 104368}}