{"epoch": 3000, "train_time": 12.018916845321655, "eval_time": 2.349698066711426, "train_loss": 0.11571229249238968, "eval_loss": 0.12443974614143372, "_timestamp": 1700276042.4986498, "_runtime": 106509.0226778984, "_step": 2999, "_wandb": {"runtime": 106524}}