{"epoch": 10000, "train_time": 1087.645801782608, "eval_time": 2.2886242866516113, "train_loss": 0.11744613945484161, "eval_loss": 0.2182575687766075, "_timestamp": 1699281969.7262726, "_runtime": 266886.99350452423, "_step": 99, "_wandb": {"runtime": 266905}}