{"epoch": 3000, "train_time": 22.70962381362915, "eval_time": 4.958894968032837, "train_loss": 0.15145297348499298, "eval_loss": 0.11450087651610374, "_timestamp": 1700588276.2552931, "_runtime": 114850.31709504128, "_step": 2999, "_wandb": {"runtime": 114869}}