{"epoch": 3000, "train_time": 23.82071542739868, "eval_time": 6.1102776527404785, "train_loss": 0.13987523317337036, "eval_loss": 0.11240918934345245, "_timestamp": 1700736343.0607955, "_runtime": 148039.60968351364, "_step": 2999, "_wandb": {"runtime": 148061}}