{"epoch": 10000, "train_time": 1015.9195976257324, "eval_time": 2.3555729389190674, "train_loss": 1.2123112678527832, "eval_loss": 0.605692982673645, "_timestamp": 1699188653.8088598, "_runtime": 173522.2615017891, "_step": 99, "_wandb": {"runtime": 173539}}