{"epoch": 10000, "train_time": 1210.0874967575073, "eval_time": 2.811708450317383, "train_loss": 0.31292083859443665, "eval_loss": 0.6268342733383179, "_timestamp": 1699182291.4974415, "_runtime": 167159.99370145798, "_step": 99, "_wandb": {"runtime": 167178}}