{"epoch": 10000, "train_time": 1303.3148684501648, "eval_time": 2.4204232692718506, "train_loss": 0.043397385627031326, "eval_loss": 0.143930584192276, "_timestamp": 1699185583.8168845, "_runtime": 170452.26247358322, "_step": 99, "_wandb": {"runtime": 170471}}