{"epoch": 100, "train_time": 557.5979883670807, "eval_time": 1.2724609375, "train_loss": 0.82662034034729, "eval_loss": 0.916024386882782, "_timestamp": 1698938559.9571707, "_runtime": 665.9722278118134, "_step": 0, "_wandb": {"runtime": 910}}