{"epoch": 3000, "train_time": 19.827898502349854, "eval_time": 5.88507080078125, "train_loss": 0.12249957025051117, "eval_loss": 0.11680468544363976, "_timestamp": 1700595116.911332, "_runtime": 115517.88020586967, "_step": 2999, "_wandb": {"runtime": 115537}}