{"epoch": 10000, "train_time": 1487.3702096939087, "eval_time": 3.238814115524292, "train_loss": 0.6336100697517395, "eval_loss": 0.5397998541593552, "_timestamp": 1699272939.6955981, "_runtime": 257856.92246508598, "_step": 99, "_wandb": {"runtime": 257877}}