{"epoch": 3000, "train_time": 12.57138442993164, "eval_time": 4.172612905502319, "train_loss": 0.10007220506668091, "eval_loss": 0.11789518222212791, "_timestamp": 1700479574.5624254, "_runtime": 99686.47440433502, "_step": 2999, "_wandb": {"runtime": 99703}}