{"epoch": 3000, "train_time": 13.909542798995972, "eval_time": 3.9329471588134766, "train_loss": 0.11468929052352905, "eval_loss": 0.11267487332224846, "_timestamp": 1700168087.013882, "_runtime": 96054.20831894875, "_step": 2999, "_wandb": {"runtime": 96070}}