{"epoch": 3000, "train_time": 20.4083194732666, "eval_time": 4.9917261600494385, "train_loss": 0.1308659166097641, "eval_loss": 0.11405054479837418, "_timestamp": 1700743464.6578014, "_runtime": 148320.95873332024, "_step": 2999, "_wandb": {"runtime": 148345}}