{"epoch": 35, "train_time": 7.935776710510254, "eval_time": 1.7330687046051025, "train_loss": 1.1633851528167725, "eval_loss": 7.014101982116699, "_timestamp": 1699009610.14167, "_runtime": 1583.8636360168457, "_step": 34}