{"epoch": 3000, "train_time": 13.174919605255127, "eval_time": 2.358959674835205, "train_loss": 0.11659107357263565, "eval_loss": 0.11121095344424248, "_timestamp": 1700376034.2092614, "_runtime": 103547.67318630219, "_step": 2999, "_wandb": {"runtime": 103563}}