{"epoch": 3000, "train_time": 9.877151489257812, "eval_time": 2.4556963443756104, "train_loss": 0.12000515311956406, "eval_loss": 0.11540661379694939, "_timestamp": 1700473403.0836158, "_runtime": 97346.16154575348, "_step": 2999, "_wandb": {"runtime": 97362}}