{"epoch": 3000, "train_time": 10.466887950897217, "eval_time": 2.498922109603882, "train_loss": 0.1173020601272583, "eval_loss": 0.11098545789718628, "_timestamp": 1700379862.9804654, "_runtime": 103797.68190336227, "_step": 2999, "_wandb": {"runtime": 103813}}