{"epoch": 1200, "train_time": 4331.437900304794, "eval_time": 7.422157049179077, "train_loss": 0.10855410993099213, "eval_loss": 0.11197318509221077, "_timestamp": 1699058633.7264507, "_runtime": 43550.88060379028, "_step": 11, "_wandb": {"runtime": 43975}}