{"epoch": 3000, "train_time": 14.89357876777649, "eval_time": 3.7995598316192627, "train_loss": 0.10888499766588211, "eval_loss": 0.1127835214138031, "_timestamp": 1700169508.4598346, "_runtime": 97475.65370750427, "_step": 2999, "_wandb": {"runtime": 97492}}