{"epoch": 49, "train_time": 35.54788875579834, "eval_time": 8.447797298431396, "train_loss": 0.8110143542289734, "eval_loss": 0.8808396458625793, "_timestamp": 1699014973.7087991, "_runtime": 2966.3701021671295, "_step": 48}