{"epoch": 200, "train_time": 1093.1958320140839, "eval_time": 2.9359843730926514, "train_loss": 0.5511313676834106, "eval_loss": 0.8682602643966675, "_timestamp": 1699014527.677431, "_runtime": 2775.316048145294, "_step": 1}